Folder,WakeExists,WakeLength,AccExists,AccFileName,AccLength,SameLength
.git,0,NaN,0,,NaN,0
subj_001,1,320943,1,subj016_accelerometer.mat,320943,1
subj_002,1,325879,1,subj017_accelerometer.mat,325879,1
subj_003,1,336485,1,subj018_accelerometer.mat,336485,1
subj_004,1,334752,1,subj019_accelerometer.mat,334752,1
subj_005,1,308788,1,subj020_accelerometer.mat,308788,1
subj_006,1,321990,1,subj021_accelerometer.mat,321990,1
subj_007,1,258965,1,subj022_accelerometer.mat,258965,1
subj_008,1,352435,1,subj023_accelerometer.mat,352435,1
subj_009,1,336665,1,subj024_accelerometer.mat,336665,1
subj_010,1,269258,1,subj025_accelerometer.mat,269258,1
subj_011,1,297540,1,subj026_accelerometer.mat,297540,1
subj_012,1,296975,1,subj027_accelerometer.mat,296975,1
subj_013,1,271760,1,subj028_accelerometer.mat,271760,1
subj_014,1,368455,1,subj029_accelerometer.mat,368455,1
subj_015,1,349101,1,subj030_accelerometer.mat,349101,1
subj_016,1,350150,1,subj031_accelerometer.mat,350150,1
subj_017,1,318051,1,subj032_accelerometer.mat,318051,1
subj_018,1,321190,1,subj034_accelerometer.mat,321190,1
subj_019,1,340067,1,subj035_accelerometer.mat,340067,1
subj_020,1,326818,1,subj036_accelerometer.mat,326818,1
subj_021,1,328054,1,subj037_accelerometer.mat,328054,1
subj_022,1,410027,1,subj038_accelerometer.mat,410027,1
subj_023,1,280345,1,subj039_accelerometer.mat,280345,1
subj_024,1,329805,1,subj040_accelerometer.mat,329805,1
subj_025,1,340154,1,subj041_accelerometer.mat,340154,1
subj_026,1,383082,1,subj042_accelerometer.mat,383082,1
subj_027,1,262286,1,subj043_accelerometer.mat,262286,1
subj_028,1,326042,1,subj044_accelerometer.mat,326042,1
subj_029,1,341297,1,subj060_accelerometer.mat,341297,1
subj_030,1,354667,1,subj061_accelerometer.mat,354667,1
subj_031,1,321647,1,subj062_accelerometer.mat,321647,1
subj_032,1,323236,1,subj063_accelerometer.mat,323236,1
subj_033,1,311775,1,subj064_accelerometer.mat,311775,1
subj_034,1,330456,1,subj065_accelerometer.mat,330456,1
subj_035,1,342465,1,subj066_accelerometer.mat,342465,1
subj_036,1,270070,1,subj067_accelerometer.mat,270070,1
subj_037,1,370170,1,subj068_accelerometer.mat,370170,1
subj_038,1,344999,1,subj069_accelerometer.mat,344999,1
subj_039,1,301931,1,subj070_accelerometer.mat,301931,1
subj_040,1,304286,1,subj071_accelerometer.mat,304286,1
subj_041,1,243879,1,subj072_accelerometer.mat,243879,1
subj_042,1,347279,1,subj073_accelerometer.mat,347279,1
subj_043,1,287902,1,subj074_accelerometer.mat,287902,1
subj_044,1,359444,1,subj075_accelerometer.mat,359444,1
subj_045,1,308828,1,subj076_accelerometer.mat,308828,1
subj_046,1,329252,1,subj077_accelerometer.mat,329252,1
subj_047,1,367780,1,subj078_accelerometer.mat,367780,1
subj_048,1,373550,1,subj079_accelerometer.mat,373550,1
subj_049,1,322272,1,subj080_accelerometer.mat,322272,1
subj_050,1,325563,1,subj081_accelerometer.mat,325563,1
subj_051,1,335268,1,subj082_accelerometer.mat,335268,1
subj_052,1,291854,1,subj083_accelerometer.mat,291854,1
subj_053,1,302012,1,subj084_accelerometer.mat,302012,1
subj_054,1,377333,1,subj085_accelerometer.mat,377333,1
subj_055,1,318384,1,subj086_accelerometer.mat,318384,1
subj_056,1,373997,1,subj087_accelerometer.mat,373997,1
subj_057,1,351798,1,subj088_accelerometer.mat,351798,1
subj_058,1,293193,1,subj089_accelerometer.mat,293193,1
subj_059,1,283733,1,subj090_accelerometer.mat,283733,1
subj_060,1,356797,1,subj091_accelerometer.mat,356797,1
subj_061,1,345442,1,subj094_accelerometer.mat,345442,1
subj_062,1,342720,1,subj005_accelerometer.mat,342720,1
subj_063,1,380491,1,subj045_accelerometer.mat,380491,1
subj_064,1,379484,1,subj047_accelerometer.mat,379484,1
subj_065,1,363051,1,subj048_accelerometer.mat,363051,1
subj_066,1,359894,1,subj010_accelerometer.mat,359894,1
subj_067,1,331076,1,subj092_accelerometer.mat,331076,1
subj_068,1,380289,1,subj058_accelerometer.mat,380289,1
subj_069,1,302906,1,subj096_accelerometer.mat,302906,1
subj_070,1,355961,1,subj049_accelerometer.mat,355961,1
subj_071,1,335084,1,subj093_accelerometer.mat,335084,1
subj_072,1,355425,1,subj046_accelerometer.mat,355425,1
subj_073,1,356756,1,subj014_accelerometer.mat,356756,1
subj_074,1,353762,1,subj051_accelerometer.mat,353762,1
subj_075,1,350505,1,subj004_accelerometer.mat,350505,1
subj_076,1,342898,1,subj003_accelerometer.mat,342898,1
subj_077,1,367986,1,subj012_accelerometer.mat,367986,1
subj_078,1,247122,1,subj007_accelerometer.mat,247122,1
subj_079,1,333288,1,subj097_accelerometer.mat,333288,1
subj_080,1,354135,1,subj001_accelerometer.mat,354135,1
subj_081,1,335533,1,subj055_accelerometer.mat,335533,1
subj_082,1,321480,1,subj052_accelerometer.mat,321480,1
subj_083,1,333998,1,subj053_accelerometer.mat,333998,1
subj_084,1,383891,1,subj011_accelerometer.mat,383891,1
subj_085,1,308292,1,subj009_accelerometer.mat,308292,1
subj_086,1,330253,1,subj006_accelerometer.mat,330253,1
subj_087,1,365237,1,subj002_accelerometer.mat,365237,1
subj_088,1,292683,1,subj015_accelerometer.mat,292683,1
subj_089,1,288492,1,subj095_accelerometer.mat,288492,1
subj_090,1,371793,1,subj054_accelerometer.mat,371793,1
subj_091,1,378435,1,subj033_accelerometer.mat,378435,1
subj_092,1,356400,1,subj050_accelerometer.mat,356400,1
subj_093,1,294863,1,subj057_accelerometer.mat,294863,1
subj_094,1,320357,1,subj056_accelerometer.mat,320357,1
subj_095,1,309824,1,subj008_accelerometer.mat,309824,1
subj_096,1,333979,1,subj013_accelerometer.mat,333979,1
subj_097,1,352529,1,subj059_accelerometer.mat,352529,1
